{
    "best_threshold": 0.2599999999999999,
    "f1_score": 0.5448536355051936,
    "precision": 0.3808580858085809,
    "recall": 0.956882255389718,
    "roc_auc": 0.5830943502255451,
    "confusion_matrix": [
        [
            148,
            938
        ],
        [
            26,
            577
        ]
    ],
    "classification_report": {
        "0": {
            "precision": 0.8505747126436781,
            "recall": 0.13627992633517497,
            "f1-score": 0.23492063492063492,
            "support": 1086.0
        },
        "1": {
            "precision": 0.3808580858085809,
            "recall": 0.956882255389718,
            "f1-score": 0.5448536355051936,
            "support": 603.0
        },
        "accuracy": 0.42924807578448787,
        "macro avg": {
            "precision": 0.6157163992261295,
            "recall": 0.5465810908624466,
            "f1-score": 0.3898871352129143,
            "support": 1689.0
        },
        "weighted avg": {
            "precision": 0.6828783680720004,
            "recall": 0.42924807578448787,
            "f1-score": 0.3455716706533104,
            "support": 1689.0
        }
    }
}