{
    "best_threshold": 0.24999999999999992,
    "f1_score": 0.5403151065801668,
    "precision": 0.37491961414791,
    "recall": 0.966832504145937,
    "roc_auc": 0.5894636699864704,
    "confusion_matrix": [
        [
            114,
            972
        ],
        [
            20,
            583
        ]
    ],
    "report": {
        "0": {
            "precision": 0.8507462686567164,
            "recall": 0.10497237569060773,
            "f1-score": 0.18688524590163935,
            "support": 1086.0
        },
        "1": {
            "precision": 0.37491961414791,
            "recall": 0.966832504145937,
            "f1-score": 0.5403151065801668,
            "support": 603.0
        },
        "accuracy": 0.4126702190645352,
        "macro avg": {
            "precision": 0.6128329414023133,
            "recall": 0.5359024399182724,
            "f1-score": 0.3636001762409031,
            "support": 1689.0
        },
        "weighted avg": {
            "precision": 0.6808685465319028,
            "recall": 0.4126702190645352,
            "f1-score": 0.3130653560195506,
            "support": 1689.0
        }
    },
    "best_params": {
        "classifier__max_depth": null,
        "classifier__min_samples_leaf": 1,
        "classifier__min_samples_split": 5,
        "classifier__n_estimators": 100
    }
}