{
    "best_threshold": 0.2799999999999999,
    "f1_score": 0.5387420237010028,
    "precision": 0.3714644877435575,
    "recall": 0.9800995024875622,
    "roc_auc": 0.5674902039831536,
    "confusion_matrix": [
        [
            86,
            1000
        ],
        [
            12,
            591
        ]
    ],
    "report": {
        "0": {
            "precision": 0.8775510204081632,
            "recall": 0.07918968692449356,
            "f1-score": 0.14527027027027026,
            "support": 1086.0
        },
        "1": {
            "precision": 0.3714644877435575,
            "recall": 0.9800995024875622,
            "f1-score": 0.5387420237010028,
            "support": 603.0
        },
        "accuracy": 0.40082889283599765,
        "macro avg": {
            "precision": 0.6245077540758603,
            "recall": 0.5296445947060279,
            "f1-score": 0.3420061469856365,
            "support": 1689.0
        },
        "weighted avg": {
            "precision": 0.6968700380536592,
            "recall": 0.40082889283599765,
            "f1-score": 0.2857459762020238,
            "support": 1689.0
        }
    },
    "best_params": {
        "classifier__max_depth": null,
        "classifier__min_samples_leaf": 1,
        "classifier__min_samples_split": 2,
        "classifier__n_estimators": 200
    }
}